{
  "task": "clustering",
  "dataset": "Dataset 7: mouse_lung_cell",
  "method": "SCDCC",
  "pattern": {
    "forest_model": {
      "onehot__pipeline.3.normalize_ScaleFeature": {
        "shapiq": 0.2289804428451033,
        "pointbiserialr": {
          "r_pb": -0.9439135649444357,
          "p_value": 5.2879091195543186e-15
        }
      },
      "onehot__pipeline.3.normalize_NormalizePlaceHolder": {
        "shapiq": 0.04283687025661155,
        "pointbiserialr": {
          "r_pb": 0.024865004318415818,
          "p_value": 0.8962308414335318
        }
      },
      "onehot__pipeline.3.normalize_ScTransform": {
        "shapiq": 0.025460029286212774,
        "pointbiserialr": {
          "r_pb": 0.4011908085907038,
          "p_value": 0.0280003007122935
        }
      },
      "onehot__pipeline.1.filter.cell_FilterCellsScanpyOrder": {
        "shapiq": 0.01854694124164299,
        "pointbiserialr": {
          "r_pb": 0.06962764395363223,
          "p_value": 0.7146593329720521
        }
      },
      "onehot__pipeline.3.normalize_NormalizePlaceHolder x onehot__pipeline.3.normalize_ScaleFeature": {
        "shapiq": 0.015090999465255234,
        "pointbiserialr": {
          "r_pb": NaN,
          "p_value": NaN
        }
      },
      "onehot__pipeline.3.normalize_NormalizeTotal": {
        "shapiq": 0.013860994115651773,
        "pointbiserialr": {
          "r_pb": 0.3248353602260146,
          "p_value": 0.07986910997888647
        }
      },
      "onehot__pipeline.0.filter.gene_FilterGenesPlaceHolder x onehot__pipeline.3.normalize_NormalizePlaceHolder": {
        "shapiq": 0.013571069266878002,
        "pointbiserialr": {
          "r_pb": 0.09204708569188337,
          "p_value": 0.62854967047304
        }
      },
      "onehot__pipeline.0.filter.gene_FilterGenesPlaceHolder": {
        "shapiq": 0.011206177918582066,
        "pointbiserialr": {
          "r_pb": 0.06952872319760266,
          "p_value": 0.7150479583591758
        }
      },
      "onehot__pipeline.0.filter.gene_FilterGenesScanpyOrder x onehot__pipeline.3.normalize_NormalizeTotal": {
        "shapiq": 0.011159072203351812,
        "pointbiserialr": {
          "r_pb": 0.0894306726652522,
          "p_value": 0.6383822704470952
        }
      },
      "onehot__pipeline.0.filter.gene_FilterGenesPlaceHolder x onehot__pipeline.3.normalize_NormalizeTotal": {
        "shapiq": 0.010433618351972377,
        "pointbiserialr": {
          "r_pb": 0.14870379813598064,
          "p_value": 0.4328930268847433
        }
      },
      "onehot__pipeline.3.normalize_ScTransform x onehot__pipeline.3.normalize_ScaleFeature": {
        "shapiq": 0.009328498500309675,
        "pointbiserialr": {
          "r_pb": NaN,
          "p_value": NaN
        }
      },
      "onehot__pipeline.0.filter.gene_FilterGenesScanpyOrder": {
        "shapiq": 0.009056747223364914,
        "pointbiserialr": {
          "r_pb": -0.06398082903328228,
          "p_value": 0.7369529096046532
        }
      },
      "onehot__pipeline.0.filter.gene_FilterGenesScanpyOrder x onehot__pipeline.3.normalize_NormalizePlaceHolder": {
        "shapiq": 0.007336071574287853,
        "pointbiserialr": {
          "r_pb": -0.003201977851789908,
          "p_value": 0.9866019590807961
        }
      },
      "onehot__pipeline.0.filter.gene_FilterGenesPlaceHolder x onehot__pipeline.3.normalize_ScTransform": {
        "shapiq": 0.0068340563613961,
        "pointbiserialr": {
          "r_pb": 0.2700954523701874,
          "p_value": 0.14887960768915293
        }
      },
      "onehot__pipeline.3.normalize_NormalizeTotal x onehot__pipeline.3.normalize_ScTransform": {
        "shapiq": 0.006440743012417252,
        "pointbiserialr": {
          "r_pb": NaN,
          "p_value": NaN
        }
      },
      "onehot__pipeline.0.filter.gene_FilterGenesPlaceHolder x onehot__pipeline.1.filter.cell_FilterCellsScanpyOrder": {
        "shapiq": 0.006110550695161974,
        "pointbiserialr": {
          "r_pb": 0.054136069534125135,
          "p_value": 0.7763150729785988
        }
      },
      "onehot__pipeline.0.filter.gene_FilterGenesPlaceHolder x onehot__pipeline.0.filter.gene_FilterGenesScanpyOrder x onehot__pipeline.3.normalize_NormalizeTotal": {
        "shapiq": 0.005577601200390247,
        "pointbiserialr": {
          "r_pb": NaN,
          "p_value": NaN
        }
      },
      "onehot__pipeline.0.filter.gene_FilterGenesPlaceHolder x onehot__pipeline.3.normalize_ScaleFeature": {
        "shapiq": 0.0055404597224594215,
        "pointbiserialr": {
          "r_pb": -0.5063329195596633,
          "p_value": 0.004303914409706327
        }
      },
      "onehot__pipeline.3.normalize_NormalizeTotal x onehot__pipeline.3.normalize_ScaleFeature": {
        "shapiq": 0.005497814618458338,
        "pointbiserialr": {
          "r_pb": NaN,
          "p_value": NaN
        }
      },
      "onehot__pipeline.0.filter.gene_FilterGenesScanpyOrder x onehot__pipeline.3.normalize_NormalizeTotal x onehot__pipeline.3.normalize_ScaleFeature": {
        "shapiq": 0.0053833493171580255,
        "pointbiserialr": {
          "r_pb": NaN,
          "p_value": NaN
        }
      },
      "onehot__pipeline.1.filter.cell_FilterCellsScanpyOrder x onehot__pipeline.3.normalize_ScaleFeature": {
        "shapiq": 0.005069205901944961,
        "pointbiserialr": {
          "r_pb": -0.6218948811590452,
          "p_value": 0.00024379274668633215
        }
      },
      "onehot__pipeline.0.filter.gene_FilterGenesScanpyOrder x onehot__pipeline.3.normalize_NormalizePlaceHolder x onehot__pipeline.3.normalize_NormalizeTotal": {
        "shapiq": 0.0046636199866487175,
        "pointbiserialr": {
          "r_pb": NaN,
          "p_value": NaN
        }
      },
      "onehot__pipeline.3.normalize_NormalizePlaceHolder x onehot__pipeline.3.normalize_NormalizeTotal": {
        "shapiq": 0.004647015336428658,
        "pointbiserialr": {
          "r_pb": NaN,
          "p_value": NaN
        }
      },
      "onehot__pipeline.0.filter.gene_FilterGenesScanpyOrder x onehot__pipeline.3.normalize_NormalizeTotal x onehot__pipeline.3.normalize_ScTransform": {
        "shapiq": 0.004564367409179664,
        "pointbiserialr": {
          "r_pb": NaN,
          "p_value": NaN
        }
      },
      "onehot__pipeline.0.filter.gene_FilterGenesPlaceHolder x onehot__pipeline.3.normalize_NormalizePlaceHolder x onehot__pipeline.3.normalize_ScaleFeature": {
        "shapiq": 0.004559485581837163,
        "pointbiserialr": {
          "r_pb": NaN,
          "p_value": NaN
        }
      },
      "best_params": {
        "regressor__max_depth": 7,
        "regressor__min_samples_leaf": 1,
        "regressor__min_samples_split": 2,
        "regressor__n_estimators": 50
      },
      "best_mse": 0.004320913374171134
    },